,user_id,rating,book_name,book_id
0,971229,did not like it,Hatchet,50
1,80369,did not like it,Hatchet,50
2,45618,it was amazing,Hatchet,50
3,2745288,really liked it,Hatchet,50
4,393075,did not like it,Hatchet,50
5,1570669,really liked it,Hatchet,50
6,7668522,really liked it,Hatchet,50
7,614778,really liked it,Hatchet,50
8,7317186,it was amazing,Hatchet,50
9,16731747,really liked it,Hatchet,50
10,3048260,really liked it,Hatchet,50
11,456712,it was amazing,Hatchet,50
12,5789353,really liked it,Hatchet,50
13,6316460,it was amazing,Hatchet,50
14,12786058,did not like it,Hatchet,50
15,71348447,it was amazing,Hatchet,50
16,111921,it was amazing,Hatchet,50
17,13845119,liked it,Hatchet,50
18,178887,really liked it,Hatchet,50
19,4111021,it was ok,Hatchet,50
20,78433,liked it,Hatchet,50
21,31954777,really liked it,Hatchet,50
22,7132123,it was amazing,Hatchet,50
23,84023,it was ok,Hatchet,50
24,71477853,it was amazing,Hatchet,50
25,5702158,liked it,Hatchet,50
26,62203305,liked it,Hatchet,50
27,6971227,did not like it,Hatchet,50
28,2330809,liked it,Hatchet,50
29,9597599,it was ok,Hatchet,50
30,51322799,it was amazing,Hatchet,50
31,27881731,liked it,Hatchet,50
32,20229277,liked it,Hatchet,50
33,12581658,liked it,Hatchet,50
34,1463934,it was amazing,Hatchet,50
35,42163117,it was ok,Hatchet,50
36,4239777,liked it,Hatchet,50
37,59703250,really liked it,Hatchet,50
38,10963071,really liked it,Hatchet,50
39,23100707,really liked it,Hatchet,50
40,13862757,it was amazing,Hatchet,50
41,56376620,did not like it,Hatchet,50
42,48231982,it was amazing,Hatchet,50
43,59405614,it was amazing,Hatchet,50
44,4911921,really liked it,Hatchet,50
45,2743235,liked it,Hatchet,50
46,1229150,liked it,Hatchet,50
47,269235,it was amazing,Hatchet,50
48,68708752,really liked it,Hatchet,50
49,1072582,liked it,Hatchet,50
50,17846660,did not like it,Hatchet,50
51,29789832,really liked it,Hatchet,50
52,7212128,really liked it,Hatchet,50
53,11375137,really liked it,Hatchet,50
54,71312831,it was amazing,Hatchet,50
55,12455059,did not like it,Hatchet,50
56,1654645,really liked it,Hatchet,50
57,8035193,really liked it,Hatchet,50
58,5614272,did not like it,Hatchet,50
59,4558389,really liked it,Hatchet,50
60,22308947,liked it,Hatchet,50
61,93833109,it was amazing,Hatchet,50
62,91810145,liked it,Hatchet,50
63,1711431,liked it,Hatchet,50
64,46846504,it was amazing,Hatchet,50
65,307208,liked it,Hatchet,50
66,554095,it was amazing,Hatchet,50
67,922250,it was amazing,Hatchet,50
68,2705811,it was amazing,Hatchet,50
69,5558211,it was ok,Hatchet,50
70,6575298,did not like it,Hatchet,50
71,4190786,really liked it,Hatchet,50
72,6279967,really liked it,Hatchet,50
73,85505643,really liked it,Hatchet,50
74,5842335,really liked it,Hatchet,50
75,3073428,really liked it,Hatchet,50
76,4737417,really liked it,Hatchet,50
77,39491548,it was ok,Hatchet,50
78,1108123,liked it,Hatchet,50
79,2958079,it was amazing,Hatchet,50
80,32967408,did not like it,Hatchet,50
81,4811947,really liked it,Hatchet,50
82,2533084,liked it,Hatchet,50
83,22224742,it was ok,Hatchet,50
84,44700981,really liked it,Hatchet,50
85,16523230,really liked it,Hatchet,50
86,26502908,really liked it,Hatchet,50
87,17341744,did not like it,Hatchet,50
88,24658567,it was amazing,Hatchet,50
89,2285690,liked it,Hatchet,50
90,6245786,really liked it,Hatchet,50
91,71406349,really liked it,Hatchet,50
92,71482784,it was amazing,Hatchet,50
93,14235956,really liked it,Hatchet,50
94,33565915,really liked it,Hatchet,50
95,23541735,liked it,Hatchet,50
96,8345274,really liked it,Hatchet,50
97,84658,it was amazing,Hatchet,50
98,350218,really liked it,Hatchet,50
99,5551278,really liked it,Hatchet,50
100,4413597,really liked it,Hatchet,50
101,71482844,liked it,Hatchet,50
102,60288114,it was ok,Hatchet,50
103,3804182,it was amazing,Hatchet,50
104,5355311,it was amazing,Hatchet,50
105,56331971,really liked it,Hatchet,50
106,2729963,liked it,Hatchet,50
107,7240015,it was amazing,Hatchet,50
108,102500921,it was amazing,Hatchet,50
109,64162968,liked it,Hatchet,50
110,68311735,really liked it,Hatchet,50
111,640101,really liked it,Hatchet,50
112,17539930,it was ok,Hatchet,50
113,1401304,really liked it,Hatchet,50
114,47421419,really liked it,Hatchet,50
115,93082685,really liked it,Hatchet,50
116,69760392,really liked it,Hatchet,50
117,12659554,really liked it,Hatchet,50
118,3291653,really liked it,Hatchet,50
119,4728103,really liked it,Hatchet,50
120,72096092,it was ok,Hatchet,50
121,7019761,really liked it,Hatchet,50
122,58952167,it was amazing,Hatchet,50
123,5871487,it was amazing,Hatchet,50
124,8228269,it was amazing,Hatchet,50
125,71999658,really liked it,Hatchet,50
126,71588408,it was amazing,Hatchet,50
127,49694090,really liked it,Hatchet,50
128,37929896,it was ok,Hatchet,50
129,85943975,it was amazing,Hatchet,50
130,48415881,it was ok,Hatchet,50
131,54058299,really liked it,Hatchet,50
132,89945399,really liked it,Hatchet,50
133,4559610,it was amazing,Hatchet,50
134,89027241,it was amazing,Hatchet,50
135,21858053,liked it,Hatchet,50
136,93529909,it was amazing,Hatchet,50
137,64703131,it was ok,Hatchet,50
138,9916019,it was ok,Hatchet,50
139,6330303,it was ok,Hatchet,50
140,86352436,it was amazing,Hatchet,50
141,84193596,liked it,Hatchet,50
142,885476,really liked it,Hatchet,50
143,232155,it was amazing,Hatchet,50
144,667278,really liked it,Hatchet,50
145,55146223,liked it,Hatchet,50
146,3074326,really liked it,Hatchet,50
147,1856001,liked it,Hatchet,50
148,37122796,it was amazing,Hatchet,50
149,101939876,it was amazing,Hatchet,50
150,313517,liked it,Hatchet,50
151,58793536,it was amazing,Hatchet,50
152,17826893,did not like it,Hatchet,50
153,40302866,liked it,Hatchet,50
154,43303639,liked it,Hatchet,50
155,648686,really liked it,Hatchet,50
156,9540219,really liked it,Hatchet,50
157,557453,it was amazing,Hatchet,50
158,563794,it was amazing,Hatchet,50
159,8706020,liked it,Hatchet,50
160,2028724,it was amazing,Hatchet,50
161,25635703,it was amazing,Hatchet,50
162,3052554,it was amazing,Hatchet,50
163,32161690,liked it,Hatchet,50
164,65753602,really liked it,Hatchet,50
165,1262041,it was ok,Hatchet,50
166,3557079,really liked it,Hatchet,50
167,988087,really liked it,Hatchet,50
168,24021736,it was amazing,Hatchet,50
169,46611139,really liked it,Hatchet,50
170,4346656,it was amazing,Hatchet,50
171,60975566,it was amazing,Hatchet,50
172,24452068,it was amazing,Hatchet,50
173,22849115,did not like it,Hatchet,50
174,26228542,it was amazing,Hatchet,50
175,109686,it was amazing,Hatchet,50
176,40360819,it was amazing,Hatchet,50
177,60690842,it was amazing,Hatchet,50
178,3127106,liked it,Hatchet,50
179,7318943,it was amazing,Hatchet,50
180,23632189,really liked it,Hatchet,50
181,60105540,really liked it,Hatchet,50
182,2866806,really liked it,Hatchet,50
183,54697,it was ok,Hatchet,50
184,8307014,it was amazing,Hatchet,50
185,395578,really liked it,Hatchet,50
186,59243814,did not like it,Hatchet,50
187,32013440,really liked it,Hatchet,50
188,17245276,it was amazing,Hatchet,50
189,18968648,it was ok,Hatchet,50
190,5037862,it was amazing,Hatchet,50
191,2864667,really liked it,Hatchet,50
192,57524480,really liked it,Hatchet,50
193,36417034,it was amazing,Hatchet,50
194,15374260,it was ok,Hatchet,50
195,70608770,it was amazing,Hatchet,50
196,43521078,really liked it,Hatchet,50
197,22574632,it was amazing,Hatchet,50
198,23856503,it was amazing,Hatchet,50
199,61809982,it was amazing,Hatchet,50
200,23856511,it was amazing,Hatchet,50
201,33142853,did not like it,Hatchet,50
202,785956,liked it,Hatchet,50
203,58704946,it was amazing,Hatchet,50
204,85734683,it was amazing,Hatchet,50
205,103267098,really liked it,Hatchet,50
206,85192671,really liked it,Hatchet,50
207,46817024,really liked it,Hatchet,50
208,78090534,it was amazing,Hatchet,50
209,94080842,really liked it,Hatchet,50
210,38005129,really liked it,Hatchet,50
211,34627759,it was ok,Hatchet,50
212,7820199,liked it,Hatchet,50
213,74432855,really liked it,Hatchet,50
214,72744495,really liked it,Hatchet,50
215,13618326,it was ok,Hatchet,50
216,1225362,liked it,Hatchet,50
217,34895792,liked it,Hatchet,50
218,85641007,really liked it,Hatchet,50
219,28270573,liked it,Hatchet,50
220,9034267,liked it,Hatchet,50
221,42765157,really liked it,Hatchet,50
222,71477782,really liked it,Hatchet,50
223,101309694,it was amazing,Hatchet,50
224,2534237,really liked it,Hatchet,50
225,70690066,did not like it,Hatchet,50
226,51939646,really liked it,Hatchet,50
227,81261358,it was amazing,Hatchet,50
228,72010571,liked it,Hatchet,50
229,72443967,it was amazing,Hatchet,50
230,9620797,really liked it,Hatchet,50
231,44464670,liked it,Hatchet,50
232,70752818,it was amazing,Hatchet,50
233,5838986,liked it,Hatchet,50
234,6921052,really liked it,Hatchet,50
235,14323413,it was amazing,Hatchet,50
236,2841551,liked it,Hatchet,50
237,37126068,liked it,Hatchet,50
238,73889695,it was amazing,Hatchet,50
239,71443055,liked it,Hatchet,50
240,72519226,really liked it,Hatchet,50
241,72732861,liked it,Hatchet,50
242,86406251,it was amazing,Hatchet,50
243,11020015,really liked it,Hatchet,50
244,24116616,really liked it,Hatchet,50
245,85198094,really liked it,Hatchet,50
246,71477673,liked it,Hatchet,50
247,85971757,liked it,Hatchet,50
248,28900232,it was amazing,Hatchet,50
249,91578909,it was amazing,Hatchet,50
250,1598758,liked it,Hatchet,50
251,23758173,liked it,Hatchet,50
252,70748004,it was amazing,Hatchet,50
253,70689424,it was amazing,Hatchet,50
254,7294440,liked it,Hatchet,50
255,8633816,it was ok,Hatchet,50
256,4278073,really liked it,Hatchet,50
257,60067228,it was amazing,Hatchet,50
258,70930090,it was amazing,Hatchet,50
259,70752753,it was amazing,Hatchet,50
260,70839919,really liked it,Hatchet,50
261,73917670,liked it,Hatchet,50
262,71481186,really liked it,Hatchet,50
263,13268729,really liked it,Hatchet,50
264,56156146,it was amazing,Hatchet,50
265,678841,it was ok,Hatchet,50
266,72098933,it was ok,Hatchet,50
267,19371794,really liked it,Hatchet,50
268,59565181,liked it,Hatchet,50
269,77446712,liked it,Hatchet,50
270,25866638,really liked it,Hatchet,50
271,3317712,liked it,Hatchet,50
272,71999650,really liked it,Hatchet,50
273,85817620,really liked it,Hatchet,50
274,68382799,it was amazing,Hatchet,50
275,101897921,did not like it,Hatchet,50
276,3031531,liked it,Hatchet,50
277,7707950,really liked it,Hatchet,50
278,98385473,really liked it,Hatchet,50
279,18631380,it was amazing,Hatchet,50
280,8263750,it was ok,Hatchet,50
281,19093724,it was ok,Hatchet,50
282,2634685,really liked it,Hatchet,50
283,85774791,really liked it,Hatchet,50
284,41950552,really liked it,Hatchet,50
285,4038736,liked it,Hatchet,50
286,46892462,liked it,"Hatchet: A Guide for Using ""Hatchet"" in the Classroom",51
287,58787010,it was amazing,"Hatchet: A Guide for Using ""Hatchet"" in the Classroom",51
288,9779091,really liked it,"Hatchet: A Guide for Using ""Hatchet"" in the Classroom",51
289,2619106,really liked it,"Hatchet: A Guide for Using ""Hatchet"" in the Classroom",51
290,90305254,it was amazing,"Hatchet: A Guide for Using ""Hatchet"" in the Classroom",51
291,6363899,really liked it,"Hatchet: A Guide for Using ""Hatchet"" in the Classroom",51
292,19302496,liked it,"Hatchet: A Guide for Using ""Hatchet"" in the Classroom",51
293,57704386,it was amazing,"Hatchet: A Guide for Using ""Hatchet"" in the Classroom",51
294,64094880,really liked it,"Hatchet: A Guide for Using ""Hatchet"" in the Classroom",51
295,38378211,did not like it,"Hatchet: A Guide for Using ""Hatchet"" in the Classroom",51
296,24292533,it was amazing,"Hatchet: A Guide for Using ""Hatchet"" in the Classroom",51
297,30404535,did not like it,"Hatchet: A Guide for Using ""Hatchet"" in the Classroom",51
298,1873022,it was amazing,"Hatchet: A Guide for Using ""Hatchet"" in the Classroom",51
299,1898761,it was amazing,"Hatchet: A Guide for Using ""Hatchet"" in the Classroom",51
300,24544573,it was ok,"Hatchet: A Guide for Using ""Hatchet"" in the Classroom",51
301,1564497,it was amazing,"Hatchet: A Guide for Using ""Hatchet"" in the Classroom",51
302,34333448,it was amazing,"Hatchet: A Guide for Using ""Hatchet"" in the Classroom",51
303,27688754,it was amazing,"Hatchet: A Guide for Using ""Hatchet"" in the Classroom",51
304,27047276,it was ok,"Hatchet: A Guide for Using ""Hatchet"" in the Classroom",51
305,9130952,it was amazing,"Hatchet: A Guide for Using ""Hatchet"" in the Classroom",51
306,23037921,really liked it,"Hatchet: A Guide for Using ""Hatchet"" in the Classroom",51
307,2940273,it was amazing,"Hatchet: A Guide for Using ""Hatchet"" in the Classroom",51
308,43522653,it was amazing,"Hatchet: A Guide for Using ""Hatchet"" in the Classroom",51
309,82521958,liked it,"Hatchet: A Guide for Using ""Hatchet"" in the Classroom",51
310,21605981,liked it,"Hatchet: A Guide for Using ""Hatchet"" in the Classroom",51
311,82296180,it was amazing,"Hatchet: A Guide for Using ""Hatchet"" in the Classroom",51
312,26797891,it was amazing,"Hatchet: A Guide for Using ""Hatchet"" in the Classroom",51
313,26997229,liked it,"Hatchet: A Guide for Using ""Hatchet"" in the Classroom",51
314,50969095,really liked it,"Hatchet: A Guide for Using ""Hatchet"" in the Classroom",51
315,31453871,it was amazing,"Hatchet: A Guide for Using ""Hatchet"" in the Classroom",51
316,14808634,really liked it,"Hatchet: A Guide for Using ""Hatchet"" in the Classroom",51
317,3719972,it was amazing,"Hatchet: A Guide for Using ""Hatchet"" in the Classroom",51
318,63055196,really liked it,"Hatchet: A Guide for Using ""Hatchet"" in the Classroom",51
319,58275741,it was amazing,"Hatchet: A Guide for Using ""Hatchet"" in the Classroom",51
320,86412355,did not like it,"Hatchet: A Guide for Using ""Hatchet"" in the Classroom",51
321,31453871,it was amazing,"Hatchet: A Guide for Using ""Hatchet"" in the Classroom",51
322,14808634,really liked it,"Hatchet: A Guide for Using ""Hatchet"" in the Classroom",51
323,3719972,it was amazing,"Hatchet: A Guide for Using ""Hatchet"" in the Classroom",51
324,63055196,really liked it,"Hatchet: A Guide for Using ""Hatchet"" in the Classroom",51
325,58275741,it was amazing,"Hatchet: A Guide for Using ""Hatchet"" in the Classroom",51
326,86412355,did not like it,"Hatchet: A Guide for Using ""Hatchet"" in the Classroom",51
327,971229,did not like it,El hacha,52
328,80369,did not like it,El hacha,52
329,45618,it was amazing,El hacha,52
330,2745288,really liked it,El hacha,52
331,393075,did not like it,El hacha,52
332,1570669,really liked it,El hacha,52
333,7668522,really liked it,El hacha,52
334,614778,really liked it,El hacha,52
335,7317186,it was amazing,El hacha,52
336,16731747,really liked it,El hacha,52
337,3048260,really liked it,El hacha,52
338,456712,it was amazing,El hacha,52
339,5789353,really liked it,El hacha,52
340,6316460,it was amazing,El hacha,52
341,12786058,did not like it,El hacha,52
342,71348447,it was amazing,El hacha,52
343,111921,it was amazing,El hacha,52
344,13845119,liked it,El hacha,52
345,178887,really liked it,El hacha,52
346,4111021,it was ok,El hacha,52
347,78433,liked it,El hacha,52
348,31954777,really liked it,El hacha,52
349,7132123,it was amazing,El hacha,52
350,84023,it was ok,El hacha,52
351,71477853,it was amazing,El hacha,52
352,5702158,liked it,El hacha,52
353,62203305,liked it,El hacha,52
354,6971227,did not like it,El hacha,52
355,2330809,liked it,El hacha,52
356,9597599,it was ok,El hacha,52
357,51322799,it was amazing,El hacha,52
358,20229277,liked it,El hacha,52
359,27881731,liked it,El hacha,52
360,12581658,liked it,El hacha,52
361,1463934,it was amazing,El hacha,52
362,42163117,it was ok,El hacha,52
363,4239777,liked it,El hacha,52
364,59703250,really liked it,El hacha,52
365,10963071,really liked it,El hacha,52
366,23100707,really liked it,El hacha,52
367,13862757,it was amazing,El hacha,52
368,56376620,did not like it,El hacha,52
369,48231982,it was amazing,El hacha,52
370,59405614,it was amazing,El hacha,52
371,4911921,really liked it,El hacha,52
372,2743235,liked it,El hacha,52
373,1229150,liked it,El hacha,52
374,269235,it was amazing,El hacha,52
375,68708752,really liked it,El hacha,52
376,1072582,liked it,El hacha,52
377,17846660,did not like it,El hacha,52
378,29789832,really liked it,El hacha,52
379,7212128,really liked it,El hacha,52
380,11375137,really liked it,El hacha,52
381,71312831,it was amazing,El hacha,52
382,12455059,did not like it,El hacha,52
383,1654645,really liked it,El hacha,52
384,8035193,really liked it,El hacha,52
385,5614272,did not like it,El hacha,52
386,4558389,really liked it,El hacha,52
387,22308947,liked it,El hacha,52
388,93833109,it was amazing,El hacha,52
389,91810145,liked it,El hacha,52
390,1711431,liked it,El hacha,52
391,46846504,it was amazing,El hacha,52
392,307208,liked it,El hacha,52
393,554095,it was amazing,El hacha,52
394,922250,it was amazing,El hacha,52
395,2705811,it was amazing,El hacha,52
396,5558211,it was ok,El hacha,52
397,6575298,did not like it,El hacha,52
398,4190786,really liked it,El hacha,52
399,6279967,really liked it,El hacha,52
400,85505643,really liked it,El hacha,52
401,5842335,really liked it,El hacha,52
402,3073428,really liked it,El hacha,52
403,4737417,really liked it,El hacha,52
404,39491548,it was ok,El hacha,52
405,1108123,liked it,El hacha,52
406,2958079,it was amazing,El hacha,52
407,32967408,did not like it,El hacha,52
408,4811947,really liked it,El hacha,52
409,2533084,liked it,El hacha,52
410,22224742,it was ok,El hacha,52
411,44700981,really liked it,El hacha,52
412,16523230,really liked it,El hacha,52
413,26502908,really liked it,El hacha,52
414,17341744,did not like it,El hacha,52
415,24658567,it was amazing,El hacha,52
416,2285690,liked it,El hacha,52
417,6245786,really liked it,El hacha,52
418,71406349,really liked it,El hacha,52
419,71482784,it was amazing,El hacha,52
420,14235956,really liked it,El hacha,52
421,33565915,really liked it,El hacha,52
422,23541735,liked it,El hacha,52
423,8345274,really liked it,El hacha,52
424,84658,it was amazing,El hacha,52
425,350218,really liked it,El hacha,52
426,5551278,really liked it,El hacha,52
427,4413597,really liked it,El hacha,52
428,71482844,liked it,El hacha,52
429,60288114,it was ok,El hacha,52
430,3804182,it was amazing,El hacha,52
431,5355311,it was amazing,El hacha,52
432,56331971,really liked it,El hacha,52
433,2729963,liked it,El hacha,52
434,7240015,it was amazing,El hacha,52
435,102500921,it was amazing,El hacha,52
436,64162968,liked it,El hacha,52
437,68311735,really liked it,El hacha,52
438,640101,really liked it,El hacha,52
439,17539930,it was ok,El hacha,52
440,1401304,really liked it,El hacha,52
441,47421419,really liked it,El hacha,52
442,93082685,really liked it,El hacha,52
443,69760392,really liked it,El hacha,52
444,12659554,really liked it,El hacha,52
445,4728103,really liked it,El hacha,52
446,3291653,really liked it,El hacha,52
447,72096092,it was ok,El hacha,52
448,7019761,really liked it,El hacha,52
449,58952167,it was amazing,El hacha,52
450,5871487,it was amazing,El hacha,52
451,71999658,really liked it,El hacha,52
452,8228269,it was amazing,El hacha,52
453,71588408,it was amazing,El hacha,52
454,49694090,really liked it,El hacha,52
455,37929896,it was ok,El hacha,52
456,85943975,it was amazing,El hacha,52
457,48415881,it was ok,El hacha,52
458,54058299,really liked it,El hacha,52
459,89945399,really liked it,El hacha,52
460,4559610,it was amazing,El hacha,52
461,89027241,it was amazing,El hacha,52
462,21858053,liked it,El hacha,52
463,93529909,it was amazing,El hacha,52
464,64703131,it was ok,El hacha,52
465,9916019,it was ok,El hacha,52
466,6330303,it was ok,El hacha,52
467,86352436,it was amazing,El hacha,52
468,84193596,liked it,El hacha,52
469,885476,really liked it,El hacha,52
470,232155,it was amazing,El hacha,52
471,667278,really liked it,El hacha,52
472,55146223,liked it,El hacha,52
473,3074326,really liked it,El hacha,52
474,1856001,liked it,El hacha,52
475,37122796,it was amazing,El hacha,52
476,101939876,it was amazing,El hacha,52
477,313517,liked it,El hacha,52
478,58793536,it was amazing,El hacha,52
479,40302866,liked it,El hacha,52
480,17826893,did not like it,El hacha,52
481,43303639,liked it,El hacha,52
482,648686,really liked it,El hacha,52
483,557453,it was amazing,El hacha,52
484,9540219,really liked it,El hacha,52
485,563794,it was amazing,El hacha,52
486,8706020,liked it,El hacha,52
487,25635703,it was amazing,El hacha,52
488,2028724,it was amazing,El hacha,52
489,3052554,it was amazing,El hacha,52
490,32161690,liked it,El hacha,52
491,65753602,really liked it,El hacha,52
492,1262041,it was ok,El hacha,52
493,3557079,really liked it,El hacha,52
494,988087,really liked it,El hacha,52
495,24021736,it was amazing,El hacha,52
496,46611139,really liked it,El hacha,52
497,4346656,it was amazing,El hacha,52
498,60975566,it was amazing,El hacha,52
499,24452068,it was amazing,El hacha,52
500,22849115,did not like it,El hacha,52
501,26228542,it was amazing,El hacha,52
502,109686,it was amazing,El hacha,52
503,40360819,it was amazing,El hacha,52
504,60690842,it was amazing,El hacha,52
505,3127106,liked it,El hacha,52
506,7318943,it was amazing,El hacha,52
507,23632189,really liked it,El hacha,52
508,60105540,really liked it,El hacha,52
509,2866806,really liked it,El hacha,52
510,54697,it was ok,El hacha,52
511,8307014,it was amazing,El hacha,52
512,395578,really liked it,El hacha,52
513,59243814,did not like it,El hacha,52
514,32013440,really liked it,El hacha,52
515,17245276,it was amazing,El hacha,52
516,18968648,it was ok,El hacha,52
517,5037862,it was amazing,El hacha,52
518,2864667,really liked it,El hacha,52
519,57524480,really liked it,El hacha,52
520,36417034,it was amazing,El hacha,52
521,15374260,it was ok,El hacha,52
522,70608770,it was amazing,El hacha,52
523,43521078,really liked it,El hacha,52
524,22574632,it was amazing,El hacha,52
525,23856503,it was amazing,El hacha,52
526,61809982,it was amazing,El hacha,52
527,23856511,it was amazing,El hacha,52
528,33142853,did not like it,El hacha,52
529,785956,liked it,El hacha,52
530,58704946,it was amazing,El hacha,52
531,85734683,it was amazing,El hacha,52
532,103267098,really liked it,El hacha,52
533,85192671,really liked it,El hacha,52
534,46817024,really liked it,El hacha,52
535,78090534,it was amazing,El hacha,52
536,94080842,really liked it,El hacha,52
537,38005129,really liked it,El hacha,52
538,34627759,it was ok,El hacha,52
539,7820199,liked it,El hacha,52
540,74432855,really liked it,El hacha,52
541,72744495,really liked it,El hacha,52
542,13618326,it was ok,El hacha,52
543,1225362,liked it,El hacha,52
544,34895792,liked it,El hacha,52
545,85641007,really liked it,El hacha,52
546,28270573,liked it,El hacha,52
547,9034267,liked it,El hacha,52
548,42765157,really liked it,El hacha,52
549,71477782,really liked it,El hacha,52
550,101309694,it was amazing,El hacha,52
551,2534237,really liked it,El hacha,52
552,70690066,did not like it,El hacha,52
553,51939646,really liked it,El hacha,52
554,81261358,it was amazing,El hacha,52
555,72010571,liked it,El hacha,52
556,72443967,it was amazing,El hacha,52
557,9620797,really liked it,El hacha,52
558,44464670,liked it,El hacha,52
559,70752818,it was amazing,El hacha,52
560,5838986,liked it,El hacha,52
561,6921052,really liked it,El hacha,52
562,14323413,it was amazing,El hacha,52
563,2841551,liked it,El hacha,52
564,37126068,liked it,El hacha,52
565,73889695,it was amazing,El hacha,52
566,71443055,liked it,El hacha,52
567,72519226,really liked it,El hacha,52
568,72732861,liked it,El hacha,52
569,86406251,it was amazing,El hacha,52
570,11020015,really liked it,El hacha,52
571,24116616,really liked it,El hacha,52
572,85198094,really liked it,El hacha,52
573,71477673,liked it,El hacha,52
574,85971757,liked it,El hacha,52
575,28900232,it was amazing,El hacha,52
576,91578909,it was amazing,El hacha,52
577,1598758,liked it,El hacha,52
578,23758173,liked it,El hacha,52
579,70748004,it was amazing,El hacha,52
580,70689424,it was amazing,El hacha,52
581,7294440,liked it,El hacha,52
582,8633816,it was ok,El hacha,52
583,4278073,really liked it,El hacha,52
584,60067228,it was amazing,El hacha,52
585,70930090,it was amazing,El hacha,52
586,70752753,it was amazing,El hacha,52
587,70839919,really liked it,El hacha,52
588,73917670,liked it,El hacha,52
589,71481186,really liked it,El hacha,52
590,13268729,really liked it,El hacha,52
591,56156146,it was amazing,El hacha,52
592,678841,it was ok,El hacha,52
593,72098933,it was ok,El hacha,52
594,19371794,really liked it,El hacha,52
595,59565181,liked it,El hacha,52
596,77446712,liked it,El hacha,52
597,25866638,really liked it,El hacha,52
598,3317712,liked it,El hacha,52
599,71999650,really liked it,El hacha,52
600,85817620,really liked it,El hacha,52
601,68382799,it was amazing,El hacha,52
602,101897921,did not like it,El hacha,52
603,3031531,liked it,El hacha,52
604,7707950,really liked it,El hacha,52
605,98385473,really liked it,El hacha,52
606,18631380,it was amazing,El hacha,52
607,8263750,it was ok,El hacha,52
608,19093724,it was ok,El hacha,52
609,2634685,really liked it,El hacha,52
610,85774791,really liked it,El hacha,52
611,41950552,really liked it,El hacha,52
612,4038736,liked it,El hacha,52
613,45618,really liked it,Guts: The True Stories behind Hatchet and the Brian Books,53
614,5790437,it was amazing,Guts: The True Stories behind Hatchet and the Brian Books,53
615,128745,really liked it,Guts: The True Stories behind Hatchet and the Brian Books,53
616,5248073,it was amazing,Guts: The True Stories behind Hatchet and the Brian Books,53
617,63170938,it was amazing,Guts: The True Stories behind Hatchet and the Brian Books,53
618,3237639,it was amazing,Guts: The True Stories behind Hatchet and the Brian Books,53
619,1914201,liked it,Guts: The True Stories behind Hatchet and the Brian Books,53
620,71126595,liked it,Guts: The True Stories behind Hatchet and the Brian Books,53
621,13982368,really liked it,Guts: The True Stories behind Hatchet and the Brian Books,53
622,23665214,it was amazing,Guts: The True Stories behind Hatchet and the Brian Books,53
623,3955559,liked it,Guts: The True Stories behind Hatchet and the Brian Books,53
624,47748554,really liked it,Guts: The True Stories behind Hatchet and the Brian Books,53
625,1702050,liked it,Guts: The True Stories behind Hatchet and the Brian Books,53
626,79670548,it was amazing,Guts: The True Stories behind Hatchet and the Brian Books,53
627,76905814,liked it,Guts: The True Stories behind Hatchet and the Brian Books,53
628,70752752,it was amazing,Guts: The True Stories behind Hatchet and the Brian Books,53
629,70752818,really liked it,Guts: The True Stories behind Hatchet and the Brian Books,53
630,85569886,liked it,Guts: The True Stories behind Hatchet and the Brian Books,53
631,70748358,really liked it,Guts: The True Stories behind Hatchet and the Brian Books,53
632,7345643,it was amazing,Guts: The True Stories behind Hatchet and the Brian Books,53
633,71885633,it was amazing,Guts: The True Stories behind Hatchet and the Brian Books,53
634,12439845,really liked it,Guts: The True Stories behind Hatchet and the Brian Books,53
635,23685824,it was amazing,Guts: The True Stories behind Hatchet and the Brian Books,53
636,25125680,it was amazing,Guts: The True Stories behind Hatchet and the Brian Books,53
637,12743397,really liked it,Guts: The True Stories behind Hatchet and the Brian Books,53
638,27251265,really liked it,Guts: The True Stories behind Hatchet and the Brian Books,53
639,672756,it was amazing,Guts: The True Stories behind Hatchet and the Brian Books,53
640,40717392,it was amazing,Guts: The True Stories behind Hatchet and the Brian Books,53
641,46410054,really liked it,Guts: The True Stories behind Hatchet and the Brian Books,53
642,1068096,it was amazing,Guts: The True Stories behind Hatchet and the Brian Books,53
643,12735388,it was amazing,Guts: The True Stories behind Hatchet and the Brian Books,53
644,572970,liked it,Guts: The True Stories behind Hatchet and the Brian Books,53
645,4121833,really liked it,Guts: The True Stories behind Hatchet and the Brian Books,53
646,4304889,it was amazing,Guts: The True Stories behind Hatchet and the Brian Books,53
647,23419048,liked it,Guts: The True Stories behind Hatchet and the Brian Books,53
648,1302912,liked it,Guts: The True Stories behind Hatchet and the Brian Books,53
649,94417035,it was amazing,Guts: The True Stories behind Hatchet and the Brian Books,53
650,72551571,really liked it,Guts: The True Stories behind Hatchet and the Brian Books,53
651,31651637,liked it,Guts: The True Stories behind Hatchet and the Brian Books,53
652,2511342,really liked it,Guts: The True Stories behind Hatchet and the Brian Books,53
653,70986797,really liked it,Guts: The True Stories behind Hatchet and the Brian Books,53
654,29806153,really liked it,Guts: The True Stories behind Hatchet and the Brian Books,53
655,2591260,really liked it,Guts: The True Stories behind Hatchet and the Brian Books,53
656,68264357,really liked it,Guts: The True Stories behind Hatchet and the Brian Books,53
657,71658561,really liked it,Guts: The True Stories behind Hatchet and the Brian Books,53
658,98343688,really liked it,Guts: The True Stories behind Hatchet and the Brian Books,53
659,6037196,it was amazing,Guts: The True Stories behind Hatchet and the Brian Books,53
660,85696172,it was ok,Guts: The True Stories behind Hatchet and the Brian Books,53
661,86584163,it was amazing,Guts: The True Stories behind Hatchet and the Brian Books,53
662,997082,liked it,Guts: The True Stories behind Hatchet and the Brian Books,53
663,21227890,it was amazing,Guts: The True Stories behind Hatchet and the Brian Books,53
664,71334205,liked it,Guts: The True Stories behind Hatchet and the Brian Books,53
665,44818718,it was amazing,Guts: The True Stories behind Hatchet and the Brian Books,53
666,71699439,really liked it,Guts: The True Stories behind Hatchet and the Brian Books,53
667,1737415,really liked it,Guts: The True Stories behind Hatchet and the Brian Books,53
668,1957039,liked it,Guts: The True Stories behind Hatchet and the Brian Books,53
669,67705007,it was amazing,Guts: The True Stories behind Hatchet and the Brian Books,53
670,1579675,it was amazing,Guts: The True Stories behind Hatchet and the Brian Books,53
671,2860910,it was amazing,Guts: The True Stories behind Hatchet and the Brian Books,53
672,103161673,it was amazing,Guts: The True Stories behind Hatchet and the Brian Books,53
673,33044969,really liked it,Guts: The True Stories behind Hatchet and the Brian Books,53
674,1254055,really liked it,Guts: The True Stories behind Hatchet and the Brian Books,53
675,1102800,liked it,Guts: The True Stories behind Hatchet and the Brian Books,53
676,741045,it was amazing,Guts: The True Stories behind Hatchet and the Brian Books,53
677,71170585,liked it,Guts: The True Stories behind Hatchet and the Brian Books,53
678,30613068,liked it,Guts: The True Stories behind Hatchet and the Brian Books,53
679,54642270,liked it,Guts: The True Stories behind Hatchet and the Brian Books,53
680,4071092,it was amazing,Guts: The True Stories behind Hatchet and the Brian Books,53
681,85497231,really liked it,Guts: The True Stories behind Hatchet and the Brian Books,53
682,5162762,really liked it,Guts: The True Stories behind Hatchet and the Brian Books,53
683,27180724,it was amazing,Guts: The True Stories behind Hatchet and the Brian Books,53
684,37435355,it was ok,Guts: The True Stories behind Hatchet and the Brian Books,53
685,102987382,it was amazing,Guts: The True Stories behind Hatchet and the Brian Books,53
686,6243927,it was amazing,Guts: The True Stories behind Hatchet and the Brian Books,53
687,77143307,it was amazing,Guts: The True Stories behind Hatchet and the Brian Books,53
688,81784224,did not like it,Guts: The True Stories behind Hatchet and the Brian Books,53
689,76019429,it was amazing,Guts: The True Stories behind Hatchet and the Brian Books,53
690,7894821,it was ok,Guts: The True Stories behind Hatchet and the Brian Books,53
691,15577365,liked it,Guts: The True Stories behind Hatchet and the Brian Books,53
692,4577036,it was amazing,Guts: The True Stories behind Hatchet and the Brian Books,53
693,103033783,really liked it,Guts: The True Stories behind Hatchet and the Brian Books,53
694,60105493,really liked it,Guts: The True Stories behind Hatchet and the Brian Books,53
695,43685712,really liked it,Guts: The True Stories behind Hatchet and the Brian Books,53
696,59101739,it was amazing,Guts: The True Stories behind Hatchet and the Brian Books,53
697,1260827,really liked it,Guts: The True Stories behind Hatchet and the Brian Books,53
698,12621812,liked it,Guts: The True Stories behind Hatchet and the Brian Books,53
699,48291725,really liked it,Guts: The True Stories behind Hatchet and the Brian Books,53
700,59082796,it was amazing,Guts: The True Stories behind Hatchet and the Brian Books,53
701,23917487,it was amazing,Guts: The True Stories behind Hatchet and the Brian Books,53
702,23918960,it was amazing,Guts: The True Stories behind Hatchet and the Brian Books,53
703,47981655,it was amazing,Guts: The True Stories behind Hatchet and the Brian Books,53
704,12628953,liked it,Guts: The True Stories behind Hatchet and the Brian Books,53
705,34150379,it was amazing,Guts: The True Stories behind Hatchet and the Brian Books,53
706,46312377,really liked it,Guts: The True Stories behind Hatchet and the Brian Books,53
707,58990707,it was amazing,Guts: The True Stories behind Hatchet and the Brian Books,53
708,48853280,it was ok,Guts: The True Stories behind Hatchet and the Brian Books,53
709,23917561,really liked it,Guts: The True Stories behind Hatchet and the Brian Books,53
710,46339055,really liked it,Guts: The True Stories behind Hatchet and the Brian Books,53
711,12624032,liked it,Guts: The True Stories behind Hatchet and the Brian Books,53
712,9438536,really liked it,Guts: The True Stories behind Hatchet and the Brian Books,53
713,78303627,it was amazing,Guts: The True Stories behind Hatchet and the Brian Books,53
714,12581279,liked it,Guts: The True Stories behind Hatchet and the Brian Books,53
715,38795817,liked it,Guts: The True Stories behind Hatchet and the Brian Books,53
716,12710890,it was amazing,Guts: The True Stories behind Hatchet and the Brian Books,53
717,3755285,it was ok,Guts: The True Stories behind Hatchet and the Brian Books,53
718,12366373,it was ok,Guts: The True Stories behind Hatchet and the Brian Books,53
719,23364683,liked it,Guts: The True Stories behind Hatchet and the Brian Books,53
720,11439205,it was amazing,Guts: The True Stories behind Hatchet and the Brian Books,53
721,37373,liked it,Guts: The True Stories behind Hatchet and the Brian Books,53
722,12619773,liked it,Guts: The True Stories behind Hatchet and the Brian Books,53
723,13533622,it was ok,Guts: The True Stories behind Hatchet and the Brian Books,53
724,27743385,it was amazing,Guts: The True Stories behind Hatchet and the Brian Books,53
725,1219617,liked it,Guts: The True Stories behind Hatchet and the Brian Books,53
726,2236983,it was amazing,Guts: The True Stories behind Hatchet and the Brian Books,53
727,16537819,liked it,Guts: The True Stories behind Hatchet and the Brian Books,53
728,3101314,it was amazing,Guts: The True Stories behind Hatchet and the Brian Books,53
729,1711341,did not like it,Guts: The True Stories behind Hatchet and the Brian Books,53
730,35322454,it was ok,Guts: The True Stories behind Hatchet and the Brian Books,53
731,52549962,it was amazing,Guts: The True Stories behind Hatchet and the Brian Books,53
732,23724143,really liked it,Guts: The True Stories behind Hatchet and the Brian Books,53
733,6867486,liked it,Guts: The True Stories behind Hatchet and the Brian Books,53
734,4622038,really liked it,Guts: The True Stories behind Hatchet and the Brian Books,53
735,12624023,it was amazing,Guts: The True Stories behind Hatchet and the Brian Books,53
736,38795673,liked it,Guts: The True Stories behind Hatchet and the Brian Books,53
737,6904612,really liked it,Guts: The True Stories behind Hatchet and the Brian Books,53
738,4967331,really liked it,Guts: The True Stories behind Hatchet and the Brian Books,53
739,388495,it was amazing,Guts: The True Stories behind Hatchet and the Brian Books,53
740,47633178,really liked it,Guts: The True Stories behind Hatchet and the Brian Books,53
741,1292000,really liked it,Guts: The True Stories behind Hatchet and the Brian Books,53
742,4323315,it was amazing,Guts: The True Stories behind Hatchet and the Brian Books,53
743,12687063,really liked it,Guts: The True Stories behind Hatchet and the Brian Books,53
744,12584578,really liked it,Guts: The True Stories behind Hatchet and the Brian Books,53
745,35132438,really liked it,Guts: The True Stories behind Hatchet and the Brian Books,53
746,59393050,liked it,Guts: The True Stories behind Hatchet and the Brian Books,53
747,4429008,it was amazing,Guts: The True Stories behind Hatchet and the Brian Books,53
748,12618047,really liked it,Guts: The True Stories behind Hatchet and the Brian Books,53
749,857670,really liked it,Guts: The True Stories behind Hatchet and the Brian Books,53
750,598468,liked it,Guts: The True Stories behind Hatchet and the Brian Books,53
751,29619565,did not like it,Guts: The True Stories behind Hatchet and the Brian Books,53
752,47007663,liked it,Guts: The True Stories behind Hatchet and the Brian Books,53
753,9846060,really liked it,Guts: The True Stories behind Hatchet and the Brian Books,53
754,34881971,really liked it,Guts: The True Stories behind Hatchet and the Brian Books,53
755,4386618,liked it,Guts: The True Stories behind Hatchet and the Brian Books,53
756,12352125,liked it,Guts: The True Stories behind Hatchet and the Brian Books,53
757,6192525,it was ok,Guts: The True Stories behind Hatchet and the Brian Books,53
758,36045909,really liked it,Guts: The True Stories behind Hatchet and the Brian Books,53
759,4963612,really liked it,Guts: The True Stories behind Hatchet and the Brian Books,53
760,16265901,liked it,Guts: The True Stories behind Hatchet and the Brian Books,53
761,16563317,really liked it,Guts: The True Stories behind Hatchet and the Brian Books,53
762,951107,really liked it,Guts: The True Stories behind Hatchet and the Brian Books,53
763,38800064,it was amazing,Guts: The True Stories behind Hatchet and the Brian Books,53
764,3799428,it was amazing,Guts: The True Stories behind Hatchet and the Brian Books,53
765,3648143,liked it,Guts: The True Stories behind Hatchet and the Brian Books,53
766,20658260,it was ok,Guts: The True Stories behind Hatchet and the Brian Books,53
767,4910697,really liked it,Guts: The True Stories behind Hatchet and the Brian Books,53
768,23112762,really liked it,Guts: The True Stories behind Hatchet and the Brian Books,53
769,2525554,liked it,Guts: The True Stories behind Hatchet and the Brian Books,53
770,6279926,it was amazing,Guts: The True Stories behind Hatchet and the Brian Books,53
771,7529325,it was amazing,Guts: The True Stories behind Hatchet and the Brian Books,53
772,4429465,really liked it,Guts: The True Stories behind Hatchet and the Brian Books,53
773,3856596,it was amazing,Guts: The True Stories behind Hatchet and the Brian Books,53
774,30601872,really liked it,Guts: The True Stories behind Hatchet and the Brian Books,53
775,47043536,really liked it,Guts: The True Stories behind Hatchet and the Brian Books,53
776,1492043,it was amazing,Guts: The True Stories behind Hatchet and the Brian Books,53
777,58889773,really liked it,Guts: The True Stories behind Hatchet and the Brian Books,53
778,5372842,did not like it,Guts: The True Stories behind Hatchet and the Brian Books,53
779,6653161,it was amazing,Guts: The True Stories behind Hatchet and the Brian Books,53
780,38801662,did not like it,Guts: The True Stories behind Hatchet and the Brian Books,53
781,912538,liked it,Guts: The True Stories behind Hatchet and the Brian Books,53
782,11017322,really liked it,Guts: The True Stories behind Hatchet and the Brian Books,53
783,2675559,liked it,Guts: The True Stories behind Hatchet and the Brian Books,53
784,1266567,really liked it,Guts: The True Stories behind Hatchet and the Brian Books,53
785,3986154,really liked it,Guts: The True Stories behind Hatchet and the Brian Books,53
786,34603036,liked it,Guts: The True Stories behind Hatchet and the Brian Books,53
787,1105790,really liked it,Guts: The True Stories behind Hatchet and the Brian Books,53
788,5692930,it was amazing,Guts: The True Stories behind Hatchet and the Brian Books,53
789,35038943,it was amazing,Guts: The True Stories behind Hatchet and the Brian Books,53
790,47476307,really liked it,Guts: The True Stories behind Hatchet and the Brian Books,53
791,89247,liked it,Guts: The True Stories behind Hatchet and the Brian Books,53
792,25771236,really liked it,Guts: The True Stories behind Hatchet and the Brian Books,53
793,6971948,really liked it,Guts: The True Stories behind Hatchet and the Brian Books,53
794,6301212,did not like it,Guts: The True Stories behind Hatchet and the Brian Books,53
795,1830831,liked it,Guts: The True Stories behind Hatchet and the Brian Books,53
796,41933,it was ok,Guts: The True Stories behind Hatchet and the Brian Books,53
797,6558166,really liked it,Guts: The True Stories behind Hatchet and the Brian Books,53
798,5613249,liked it,Guts: The True Stories behind Hatchet and the Brian Books,53
799,2127831,really liked it,Guts: The True Stories behind Hatchet and the Brian Books,53
800,231250,really liked it,Guts: The True Stories behind Hatchet and the Brian Books,53
801,661314,did not like it,Guts: The True Stories behind Hatchet and the Brian Books,53
802,215964,really liked it,Guts: The True Stories behind Hatchet and the Brian Books,53
803,2406620,really liked it,Guts: The True Stories behind Hatchet and the Brian Books,53
804,30884544,did not like it,Guts: The True Stories behind Hatchet and the Brian Books,53
805,7799544,really liked it,Guts: The True Stories behind Hatchet and the Brian Books,53
806,264639,really liked it,Guts: The True Stories behind Hatchet and the Brian Books,53
807,1043816,really liked it,Guts: The True Stories behind Hatchet and the Brian Books,53
808,5741411,really liked it,Guts: The True Stories behind Hatchet and the Brian Books,53
809,2810325,liked it,Guts: The True Stories behind Hatchet and the Brian Books,53
810,2854199,liked it,Guts: The True Stories behind Hatchet and the Brian Books,53
811,2808211,really liked it,Guts: The True Stories behind Hatchet and the Brian Books,53
812,50531987,liked it,Guts: The True Stories behind Hatchet and the Brian Books,53
813,25123781,liked it,Guts: The True Stories behind Hatchet and the Brian Books,53
814,2406525,liked it,Guts: The True Stories behind Hatchet and the Brian Books,53
815,44486464,it was amazing,Guts: The True Stories behind Hatchet and the Brian Books,53
816,2140903,liked it,Guts: The True Stories behind Hatchet and the Brian Books,53
817,46852485,really liked it,Guts: The True Stories behind Hatchet and the Brian Books,53
818,58889711,really liked it,Guts: The True Stories behind Hatchet and the Brian Books,53
819,2028318,really liked it,Guts: The True Stories behind Hatchet and the Brian Books,53
820,38036354,it was amazing,Guts: The True Stories behind Hatchet and the Brian Books,53
821,7599119,it was amazing,Guts: The True Stories behind Hatchet and the Brian Books,53
822,47323926,it was amazing,Guts: The True Stories behind Hatchet and the Brian Books,53
823,2658964,liked it,Guts: The True Stories behind Hatchet and the Brian Books,53
824,77948,liked it,Guts: The True Stories behind Hatchet and the Brian Books,53
825,18615300,really liked it,Guts: The True Stories behind Hatchet and the Brian Books,53
826,23800636,it was amazing,Guts: The True Stories behind Hatchet and the Brian Books,53
827,1004966,liked it,Guts: The True Stories behind Hatchet and the Brian Books,53
828,8033812,really liked it,Guts: The True Stories behind Hatchet and the Brian Books,53
829,46539004,liked it,Guts: The True Stories behind Hatchet and the Brian Books,53
830,30008954,it was amazing,Guts: The True Stories behind Hatchet and the Brian Books,53
831,10497903,really liked it,Guts: The True Stories behind Hatchet and the Brian Books,53
832,1073727,liked it,Guts: The True Stories behind Hatchet and the Brian Books,53
833,847857,it was amazing,Guts: The True Stories behind Hatchet and the Brian Books,53
834,1790048,it was amazing,Guts: The True Stories behind Hatchet and the Brian Books,53
835,12318174,liked it,Guts: The True Stories behind Hatchet and the Brian Books,53
836,1076410,really liked it,Guts: The True Stories behind Hatchet and the Brian Books,53
837,5955559,really liked it,Guts: The True Stories behind Hatchet and the Brian Books,53
838,4936602,liked it,Guts: The True Stories behind Hatchet and the Brian Books,53
839,1956963,really liked it,Guts: The True Stories behind Hatchet and the Brian Books,53
840,3136812,really liked it,Guts: The True Stories behind Hatchet and the Brian Books,53
841,5860019,liked it,Guts: The True Stories behind Hatchet and the Brian Books,53
842,8997013,really liked it,Guts: The True Stories behind Hatchet and the Brian Books,53
843,7537755,really liked it,Guts: The True Stories behind Hatchet and the Brian Books,53
844,36534693,really liked it,Guts: The True Stories behind Hatchet and the Brian Books,53
845,3063643,it was amazing,Guts: The True Stories behind Hatchet and the Brian Books,53
846,3337841,it was ok,Guts: The True Stories behind Hatchet and the Brian Books,53
847,2014680,really liked it,Guts: The True Stories behind Hatchet and the Brian Books,53
848,4417445,it was amazing,Guts: The True Stories behind Hatchet and the Brian Books,53
849,5588180,really liked it,Guts: The True Stories behind Hatchet and the Brian Books,53
850,3429741,it was amazing,Guts: The True Stories behind Hatchet and the Brian Books,53
851,753623,really liked it,Guts: The True Stories behind Hatchet and the Brian Books,53
852,1451470,liked it,Guts: The True Stories behind Hatchet and the Brian Books,53
853,21589825,it was ok,Guts: The True Stories behind Hatchet and the Brian Books,53
854,2567417,really liked it,Guts: The True Stories behind Hatchet and the Brian Books,53
855,61194298,it was amazing,Guts: The True Stories behind Hatchet and the Brian Books,53
856,10711637,it was amazing,Guts: The True Stories behind Hatchet and the Brian Books,53
857,2330532,liked it,Guts: The True Stories behind Hatchet and the Brian Books,53
858,5535420,liked it,Guts: The True Stories behind Hatchet and the Brian Books,53
859,2168851,liked it,Guts: The True Stories behind Hatchet and the Brian Books,53
860,10108130,liked it,Guts: The True Stories behind Hatchet and the Brian Books,53
861,4027952,it was amazing,Guts: The True Stories behind Hatchet and the Brian Books,53
862,24108563,really liked it,Guts: The True Stories behind Hatchet and the Brian Books,53
863,546389,liked it,Guts: The True Stories behind Hatchet and the Brian Books,53
864,26125402,it was amazing,Guts: The True Stories behind Hatchet and the Brian Books,53
865,39937087,it was amazing,Guts: The True Stories behind Hatchet and the Brian Books,53
866,2168851,liked it,Guts: The True Stories behind Hatchet and the Brian Books,53
867,2703604,liked it,Guts: The True Stories behind Hatchet and the Brian Books,53
868,4344462,really liked it,Guts: The True Stories behind Hatchet and the Brian Books,53
869,546389,liked it,Guts: The True Stories behind Hatchet and the Brian Books,53
870,1596414,really liked it,Guts: The True Stories behind Hatchet and the Brian Books,53
871,21155812,really liked it,Guts: The True Stories behind Hatchet and the Brian Books,53
872,13896025,it was amazing,Guts: The True Stories behind Hatchet and the Brian Books,53
873,179668,liked it,Guts: The True Stories behind Hatchet and the Brian Books,53
874,1064782,really liked it,Guts: The True Stories behind Hatchet and the Brian Books,53
875,3299819,it was amazing,Guts: The True Stories behind Hatchet and the Brian Books,53
876,688746,it was amazing,Guts: The True Stories behind Hatchet and the Brian Books,53
877,27220856,did not like it,Guts: The True Stories behind Hatchet and the Brian Books,53
878,15133848,it was amazing,Guts: The True Stories behind Hatchet and the Brian Books,53
879,9578736,it was amazing,Guts: The True Stories behind Hatchet and the Brian Books,53
880,10432448,liked it,Guts: The True Stories behind Hatchet and the Brian Books,53
881,836444,liked it,Guts: The True Stories behind Hatchet and the Brian Books,53
882,6281893,it was amazing,Guts: The True Stories behind Hatchet and the Brian Books,53
883,6546099,liked it,Guts: The True Stories behind Hatchet and the Brian Books,53
884,4344464,liked it,Guts: The True Stories behind Hatchet and the Brian Books,53
885,12380239,liked it,Guts: The True Stories behind Hatchet and the Brian Books,53
886,46526420,it was amazing,Guts: The True Stories behind Hatchet and the Brian Books,53
887,999488,liked it,Guts: The True Stories behind Hatchet and the Brian Books,53
888,4362951,it was amazing,Guts: The True Stories behind Hatchet and the Brian Books,53
889,1264222,liked it,Guts: The True Stories behind Hatchet and the Brian Books,53
890,4744240,it was amazing,Guts: The True Stories behind Hatchet and the Brian Books,53
891,35221414,really liked it,Guts: The True Stories behind Hatchet and the Brian Books,53
892,1114154,really liked it,Guts: The True Stories behind Hatchet and the Brian Books,53
893,2168851,liked it,Guts: The True Stories behind Hatchet and the Brian Books,53
894,2703604,liked it,Guts: The True Stories behind Hatchet and the Brian Books,53
895,4344462,really liked it,Guts: The True Stories behind Hatchet and the Brian Books,53
896,546389,liked it,Guts: The True Stories behind Hatchet and the Brian Books,53
897,1596414,really liked it,Guts: The True Stories behind Hatchet and the Brian Books,53
898,21155812,really liked it,Guts: The True Stories behind Hatchet and the Brian Books,53
899,13896025,it was amazing,Guts: The True Stories behind Hatchet and the Brian Books,53
900,179668,liked it,Guts: The True Stories behind Hatchet and the Brian Books,53
901,1064782,really liked it,Guts: The True Stories behind Hatchet and the Brian Books,53
902,3299819,it was amazing,Guts: The True Stories behind Hatchet and the Brian Books,53
903,688746,it was amazing,Guts: The True Stories behind Hatchet and the Brian Books,53
904,27220856,did not like it,Guts: The True Stories behind Hatchet and the Brian Books,53
905,15133848,it was amazing,Guts: The True Stories behind Hatchet and the Brian Books,53
906,9578736,it was amazing,Guts: The True Stories behind Hatchet and the Brian Books,53
907,10432448,liked it,Guts: The True Stories behind Hatchet and the Brian Books,53
908,836444,liked it,Guts: The True Stories behind Hatchet and the Brian Books,53
909,6281893,it was amazing,Guts: The True Stories behind Hatchet and the Brian Books,53
910,6546099,liked it,Guts: The True Stories behind Hatchet and the Brian Books,53
911,4344464,liked it,Guts: The True Stories behind Hatchet and the Brian Books,53
912,12380239,liked it,Guts: The True Stories behind Hatchet and the Brian Books,53
913,46526420,it was amazing,Guts: The True Stories behind Hatchet and the Brian Books,53
914,999488,liked it,Guts: The True Stories behind Hatchet and the Brian Books,53
915,4362951,it was amazing,Guts: The True Stories behind Hatchet and the Brian Books,53
916,1264222,liked it,Guts: The True Stories behind Hatchet and the Brian Books,53
917,4744240,it was amazing,Guts: The True Stories behind Hatchet and the Brian Books,53
918,35221414,really liked it,Guts: The True Stories behind Hatchet and the Brian Books,53
919,1114154,really liked it,Guts: The True Stories behind Hatchet and the Brian Books,53
920,2168851,liked it,Guts: The True Stories behind Hatchet and the Brian Books,53
921,2703604,liked it,Guts: The True Stories behind Hatchet and the Brian Books,53
922,4344462,really liked it,Guts: The True Stories behind Hatchet and the Brian Books,53
923,546389,liked it,Guts: The True Stories behind Hatchet and the Brian Books,53
924,1596414,really liked it,Guts: The True Stories behind Hatchet and the Brian Books,53
925,21155812,really liked it,Guts: The True Stories behind Hatchet and the Brian Books,53
926,13896025,it was amazing,Guts: The True Stories behind Hatchet and the Brian Books,53
927,179668,liked it,Guts: The True Stories behind Hatchet and the Brian Books,53
928,1064782,really liked it,Guts: The True Stories behind Hatchet and the Brian Books,53
929,3299819,it was amazing,Guts: The True Stories behind Hatchet and the Brian Books,53
930,688746,it was amazing,Guts: The True Stories behind Hatchet and the Brian Books,53
931,27220856,did not like it,Guts: The True Stories behind Hatchet and the Brian Books,53
932,15133848,it was amazing,Guts: The True Stories behind Hatchet and the Brian Books,53
933,9578736,it was amazing,Guts: The True Stories behind Hatchet and the Brian Books,53
934,10432448,liked it,Guts: The True Stories behind Hatchet and the Brian Books,53
935,836444,liked it,Guts: The True Stories behind Hatchet and the Brian Books,53
936,6281893,it was amazing,Guts: The True Stories behind Hatchet and the Brian Books,53
937,6546099,liked it,Guts: The True Stories behind Hatchet and the Brian Books,53
938,4344464,liked it,Guts: The True Stories behind Hatchet and the Brian Books,53
939,12380239,liked it,Guts: The True Stories behind Hatchet and the Brian Books,53
940,46526420,it was amazing,Guts: The True Stories behind Hatchet and the Brian Books,53
941,999488,liked it,Guts: The True Stories behind Hatchet and the Brian Books,53
942,4362951,it was amazing,Guts: The True Stories behind Hatchet and the Brian Books,53
943,1264222,liked it,Guts: The True Stories behind Hatchet and the Brian Books,53
944,4744240,it was amazing,Guts: The True Stories behind Hatchet and the Brian Books,53
945,35221414,really liked it,Guts: The True Stories behind Hatchet and the Brian Books,53
946,1114154,really liked it,Guts: The True Stories behind Hatchet and the Brian Books,53
947,2168851,liked it,Guts: The True Stories behind Hatchet and the Brian Books,53
948,2703604,liked it,Guts: The True Stories behind Hatchet and the Brian Books,53
949,4344462,really liked it,Guts: The True Stories behind Hatchet and the Brian Books,53
950,546389,liked it,Guts: The True Stories behind Hatchet and the Brian Books,53
951,1596414,really liked it,Guts: The True Stories behind Hatchet and the Brian Books,53
952,21155812,really liked it,Guts: The True Stories behind Hatchet and the Brian Books,53
953,13896025,it was amazing,Guts: The True Stories behind Hatchet and the Brian Books,53
954,179668,liked it,Guts: The True Stories behind Hatchet and the Brian Books,53
955,1064782,really liked it,Guts: The True Stories behind Hatchet and the Brian Books,53
956,3299819,it was amazing,Guts: The True Stories behind Hatchet and the Brian Books,53
957,688746,it was amazing,Guts: The True Stories behind Hatchet and the Brian Books,53
958,27220856,did not like it,Guts: The True Stories behind Hatchet and the Brian Books,53
959,15133848,it was amazing,Guts: The True Stories behind Hatchet and the Brian Books,53
960,9578736,it was amazing,Guts: The True Stories behind Hatchet and the Brian Books,53
961,10432448,liked it,Guts: The True Stories behind Hatchet and the Brian Books,53
962,836444,liked it,Guts: The True Stories behind Hatchet and the Brian Books,53
963,6281893,it was amazing,Guts: The True Stories behind Hatchet and the Brian Books,53
964,6546099,liked it,Guts: The True Stories behind Hatchet and the Brian Books,53
965,4344464,liked it,Guts: The True Stories behind Hatchet and the Brian Books,53
966,12380239,liked it,Guts: The True Stories behind Hatchet and the Brian Books,53
967,46526420,it was amazing,Guts: The True Stories behind Hatchet and the Brian Books,53
968,999488,liked it,Guts: The True Stories behind Hatchet and the Brian Books,53
969,4362951,it was amazing,Guts: The True Stories behind Hatchet and the Brian Books,53
970,1264222,liked it,Guts: The True Stories behind Hatchet and the Brian Books,53
971,4744240,it was amazing,Guts: The True Stories behind Hatchet and the Brian Books,53
972,35221414,really liked it,Guts: The True Stories behind Hatchet and the Brian Books,53
973,1114154,really liked it,Guts: The True Stories behind Hatchet and the Brian Books,53
